Country,hs_2019,hs_2020
Finland,7.769,7.808
Denmark,7.6,7.6455
Norway,7.554,7.48799
Iceland,7.494,7.5044
Netherlands,7.488,7.4489
Switzerland,7.48,7.55989
Sweden,7.343,7.3534
New Zealand,7.307,7.2996
Canada,7.278,7.232
Austria,7.246,7.2941
Australia,7.228,7.2227